"","uk","yk"
"1",-1,0.170025278399327
"2",-1,0.613930416977026
"3",-1,-1.18132249652997
"4",-1,-0.503725076256853
"5",-1,-0.632853061349799
"6",-1,-1.16019460516721
"7",-1,-0.993152934583959
"8",-1,-0.747094946682817
"9",-1,0.32553678593869
"10",-1,0.299064737002857
"11",-1,-0.940071228485014
"12",-1,0.217752972985994
"13",-1,-0.34964867633018
"14",-1,-0.663581927104495
"15",-1,-0.499787501293361
"16",-1,-0.78251617489809
"17",-1,-0.811071189731481
"18",-1,-0.322674481345097
"19",-1,-0.257086535687455
"20",-1,-0.214060425613954
"21",-1,-0.429130851633841
"22",-1,-1.06011012940643
"23",-1,-0.588692020675998
"24",-1,-0.246863579686817
"25",-1,-0.523487704110475
"26",-1,-0.380925728457249
"27",-1,-0.45876120005986
"28",-1,-0.794295424357285
"29",-1,-0.675430460913626
"30",-1,-1.0145550079737
"31",-1,-0.551653933340193
"32",-1,-1.1228429938526
"33",-1,-1.1906073888567
"34",-1,-1.14988770301552
"35",-1,-1.8292124654547
"36",-1,-0.580431125127867
"37",-1,-0.723838020745759
"38",-1,-1.03149858959337
"39",-1,-0.410804059924074
"40",-1,-1.27662897743042
"41",-1,-0.908277684942346
"42",-1,-0.920791530954729
"43",-1,-0.736548053879877
"44",-1,-0.69962206205327
"45",-1,-1.05299044768312
"46",1,-0.853948564865114
"47",1,-0.876262690061462
"48",1,0.576008925389224
"49",1,0.974175880903562
"50",1,1.13415466920354
"51",1,0.588731427048119
"52",1,0.800762106846815
"53",1,0.409104605267159
"54",1,0.367613706810768
"55",1,0.687276861262081
"56",1,1.22894847346708
"57",1,0.625686426692328
"58",1,0.903300425396953
"59",1,0.745082073428465
"60",1,1.14728088781028
"61",1,0.523246364145317
"62",1,0.775236466954643
"63",1,0.959253946779559
"64",1,1.17525316818047
"65",1,1.37153620892535
"66",-1,0.966445111346481
"67",-1,0.40338814084534
"68",-1,-0.691537699760621
"69",-1,-1.01104953434031
"70",-1,-0.0615344441142317
"71",-1,-0.848421580908445
"72",-1,-0.529247018014839
"73",-1,-0.796440379786965
"74",-1,-0.498962477480332
"75",-1,-0.975648791066729
"76",-1,-1.25870080943623
"77",-1,-1.34611425088731
"78",-1,-0.783738227577277
"79",-1,-0.894274204162507
"80",-1,-0.892307373693038
"81",-1,-0.378729141683067
"82",-1,-0.631805079117912
"83",-1,-0.681011314585615
"84",-1,-0.257197125222486
"85",-1,-0.933615395723098
"86",1,-0.570197373420738
"87",1,-0.487108216675406
"88",1,0.400152977815687
"89",1,0.691398206843818
"90",1,0.356566620559019
"91",-1,0.325870434108643
"92",-1,0.705003877041044
"93",-1,-0.229050571519576
"94",-1,0.234559803378972
"95",-1,-0.738890682145157
"96",-1,-0.646939265572324
"97",-1,-0.767328442052535
"98",-1,-1.38711363164446
"99",-1,-1.04898744634662
"100",-1,-1.45037701805961
"101",-1,-0.689180248415199
"102",-1,-1.10513554867057
"103",-1,-0.836669520853486
"104",-1,-1.00002556739458
"105",-1,-0.752372530746932
"106",1,-0.994820703847072
"107",1,-0.68551773469574
"108",1,0.644566089822636
"109",1,1.19348734953929
"110",1,0.772952487940387
"111",1,0.128685109778106
"112",1,0.401703473887518
"113",1,1.10886245733069
"114",1,0.486877855535256
"115",1,1.04903280474159
"116",1,0.872580304858652
"117",1,1.27884511853672
"118",1,0.283034524052832
"119",1,0.665026901535605
"120",1,0.369314471774162
"121",1,1.61883640285282
"122",1,1.1944974638882
"123",1,1.35503082170146
"124",1,0.61206866343135
"125",1,0.658232867091481
"126",-1,0.687410818450266
"127",-1,1.11690649005649
"128",-1,-0.433623284431819
"129",-1,-0.368603507969474
"130",-1,-1.29969710520753
"131",1,-0.967093361465684
"132",1,-1.11041844941438
"133",1,-0.175786165816571
"134",1,0.622355371901172
"135",1,0.752158169742725
"136",-1,0.759914996087965
"137",-1,0.355035320897181
"138",-1,-0.139414176179354
"139",-1,-0.465933944683857
"140",-1,-0.760760890821705
"141",-1,-0.744770162585299
"142",-1,-0.857406828806517
"143",-1,-1.35731409240044
"144",-1,-1.00294809060966
"145",-1,-1.13727598941663
"146",1,-1.1994198646527
"147",1,-1.27250057780935
"148",1,0.104730032030567
"149",1,-0.130306337072084
"150",1,0.829749655181599
"151",1,0.887857436794597
"152",1,0.788258122390937
"153",1,0.785033487173613
"154",1,0.543413931181126
"155",1,1.06956398281113
"156",-1,0.796013954153914
"157",-1,0.584690819412636
"158",-1,-0.0125226044833551
"159",-1,-0.605543861935385
"160",-1,-0.867715610795369
"161",-1,-0.870870649017793
"162",-1,-1.07570523309019
"163",-1,-1.21162694036783
"164",-1,-0.10075752947976
"165",-1,-0.1665018311742
"166",1,-0.54305405084306
"167",1,-1.09823810273145
"168",1,0.0964566458919347
"169",1,0.474508840935196
"170",1,0.904269650197017
"171",-1,0.355837722673837
"172",-1,-0.0324847897162035
"173",-1,-1.05345658877467
"174",-1,-0.683789468807888
"175",-1,-0.649777474056335
"176",-1,-0.619182226240444
"177",-1,-0.79364081001181
"178",-1,-0.726372925136665
"179",-1,-0.931185545023783
"180",-1,-0.547825762612723
"181",1,-1.18629703237156
"182",1,-0.720073855923476
"183",1,0.128409706792498
"184",1,0.438819946183618
"185",1,0.825985580244212
"186",-1,1.08914047339515
"187",-1,0.492565057860562
"188",-1,-0.0490336685678603
"189",-1,-0.335357829727798
"190",-1,-0.651766564473586
"191",-1,-0.781179353811557
"192",-1,-0.840882537895442
"193",-1,-0.895648363917402
"194",-1,-0.811781201841465
"195",-1,-0.79185746617099
"196",-1,-0.539570572741726
"197",-1,-0.26528005718685
"198",-1,-0.529850447597486
"199",-1,-0.775537796976622
"200",-1,-0.570171194380441
"201",-1,-0.686454814125023
"202",-1,-1.08625096129693
"203",-1,-0.545262854589873
"204",-1,-0.665581012308224
"205",-1,-0.719174887608727
"206",1,-0.609476067161449
"207",1,-0.670954654991432
"208",1,0.141999549054795
"209",1,0.508981277542033
"210",1,0.62370481192329
"211",-1,0.557471595997169
"212",-1,1.26113469070295
"213",-1,-0.605940948004861
"214",-1,-0.772887246032608
"215",-1,-0.965700505210578
"216",1,-1.18662211263147
"217",1,-0.942706966765531
"218",1,0.260215342025406
"219",1,1.03995966905579
"220",1,0.696075872595837
"221",1,0.435128667577181
"222",1,1.22558220211343
"223",1,1.25111361363919
"224",1,0.835810598702481
"225",1,0.36340005877909
"226",1,0.583983223821797
"227",1,0.684859824884495
"228",1,0.844524225258465
"229",1,0.713484782197842
"230",1,0.921740870900107
"231",1,0.94273156953764
"232",1,0.438688038949597
"233",1,0.438222273747697
"234",1,0.474684281827646
"235",1,0.547063628785685
"236",-1,0.620332740941516
"237",-1,0.744521890452487
"238",-1,-1.38683195544306
"239",-1,-0.950563701579021
"240",-1,-0.439028951169445
"241",-1,-1.07470408117594
"242",-1,-0.540885089517044
"243",-1,-0.648242548395457
"244",-1,-0.766528070351239
"245",-1,-0.722815865482505
"246",-1,-1.27363103218796
"247",-1,-0.915074996823133
"248",-1,-0.342305007896662
"249",-1,-0.692215918259765
"250",-1,-0.742354562884168
"251",1,-1.0072669854385
"252",1,-0.843728252207694
"253",1,0.45453369774041
"254",1,0.740060060584134
"255",1,0.611686879324253
"256",1,0.666437677540182
"257",1,1.395598138385
"258",1,0.191660663773499
"259",1,1.4150892281631
"260",1,1.00278784091878
"261",-1,1.18561681483905
"262",-1,0.371679293551891
"263",-1,-0.642869161072468
"264",-1,-0.753390596219677
"265",-1,-0.61664137661987
"266",-1,-1.27658685539943
"267",-1,-0.730700407635925
"268",-1,-1.19362932511664
"269",-1,-0.860822743270609
"270",-1,-0.630397665659747
"271",1,-0.673661303651718
"272",1,-0.425499510198274
"273",1,0.802692129757915
"274",1,0.500066110293079
"275",1,0.793071879380971
"276",1,0.473510967373533
"277",1,0.308360797618623
"278",1,0.972031907092464
"279",1,0.798295025536991
"280",1,0.781775897990982
"281",1,1.08422175447394
"282",1,1.04369762964624
"283",1,0.976184987391431
"284",1,1.25023364612117
"285",1,1.20053282054029
"286",1,0.987878636418985
"287",1,0.652882029081943
"288",1,0.58589506678468
"289",1,1.13173505054618
"290",1,0.343069288848678
"291",-1,0.716710757752408
"292",-1,0.144396452889689
"293",-1,-0.220208089502486
"294",-1,-0.334418365705576
"295",-1,-0.64859128616272
"296",1,-0.746806581669132
"297",1,-1.55291509266157
"298",1,0.443194881918114
"299",1,-0.126846203500253
"300",1,-0.188851292823348
"301",1,0.550877861266436
"302",1,0.36791973049813
"303",1,0.804065431961845
"304",1,0.977074467130486
"305",1,1.09555232643514
"306",-1,0.647840803052486
"307",-1,0.931595195252857
"308",-1,-0.345011047378248
"309",-1,-0.320826171366525
"310",-1,-0.469233211121081
"311",1,-0.40154368116463
"312",1,-0.727675433133621
"313",1,0.402129820968093
"314",1,0.933715599384909
"315",1,0.0996931972399908
"316",1,0.49175001364259
"317",1,0.291947031978358
"318",1,0.545528751829862
"319",1,0.914189951055687
"320",1,1.05667370910229
"321",1,0.529048138270162
"322",1,0.611844691236856
"323",1,0.793943031290976
"324",1,0.691676891398337
"325",1,0.868970444160792
"326",-1,0.932321468490531
"327",-1,0.534140287384516
"328",-1,-0.500624596387154
"329",-1,-1.30776421823531
"330",-1,-0.489418680510346
"331",1,-0.952303858725732
"332",1,-1.19716192746971
"333",1,0.23532191270394
"334",1,0.0899744579015967
"335",1,0.573924813029459
"336",-1,0.511643294533846
"337",-1,1.39768509515204
"338",-1,0.052254684873453
"339",-1,-1.27146180829972
"340",-1,-0.659295622176685
"341",1,-1.21364577705059
"342",1,-0.954839413154647
"343",1,0.398766085175745
"344",1,0.82024056424374
"345",1,0.652838976843048
"346",-1,1.25079287038402
"347",-1,0.723769791916202
"348",-1,-0.288920973398033
"349",-1,-0.365323628631808
"350",-1,-0.618785031737942
"351",-1,-0.438892484091511
"352",-1,-0.600811792903125
"353",-1,-0.979037382900938
"354",-1,-1.38603723441841
"355",-1,-0.334007166632238
"356",-1,-0.934494391596153
"357",-1,-0.777211221876727
"358",-1,-0.620322147042771
"359",-1,-0.727665257454065
"360",-1,-1.06070893520805
"361",1,-0.992428940407277
"362",1,-0.891336837949288
"363",1,0.833867421527805
"364",1,0.404413566220773
"365",1,0.932004886365614
"366",-1,0.889157462327547
"367",-1,0.74134713065456
"368",-1,-0.741384653263443
"369",-1,-0.760272346888349
"370",-1,-0.780594070007052
"371",1,-1.24673639449725
"372",1,-0.823195778744745
"373",1,0.110138136266642
"374",1,0.503277167266277
"375",1,0.76689902452774
"376",-1,0.465476781975673
"377",-1,0.627406745495724
"378",-1,-0.348250663928145
"379",-1,-1.18788483645401
"380",-1,-0.492173180508557
"381",-1,0.022314037271002
"382",-1,-0.315458481056639
"383",-1,-0.748601837022475
"384",-1,-0.608801764229399
"385",-1,-1.07267075200626
"386",-1,-0.244220030909324
"387",-1,-0.402783123336251
"388",-1,-0.441654020182692
"389",-1,-0.972496950383063
"390",-1,-0.701978946835724
"391",-1,-0.957890667897655
"392",-1,-0.924463516904324
"393",-1,-1.01293993220966
"394",-1,-1.17675952713931
"395",-1,-1.17844071544499
"396",1,-0.969384546719307
"397",1,-1.40200765795141
"398",1,0.452304741985889
"399",1,0.531259229318026
"400",1,0.897898852011639
"401",1,0.867891640466569
"402",1,0.964671995253102
"403",1,0.366439762555638
"404",1,0.401285168151597
"405",1,0.556081128636704
"406",-1,0.755123325778957
"407",-1,1.12409634212813
"408",-1,-0.43672753554958
"409",-1,-0.191918093074184
"410",-1,-0.46529773001634
"411",1,-0.306463305474915
"412",1,-0.624473960217969
"413",1,0.26801632967654
"414",1,0.127859676022153
"415",1,0.653637631521399
"416",1,0.970916505053654
"417",1,0.715279160358798
"418",1,0.614385247094022
"419",1,0.660895015915125
"420",1,0.412954591510757
"421",-1,0.554605878224612
"422",-1,0.666919153958426
"423",-1,-0.434897751696066
"424",-1,-0.641967738537755
"425",-1,-0.521611708495884
"426",1,-0.684232912971418
"427",1,-0.178845190150079
"428",1,0.63715538709289
"429",1,1.25960754831711
"430",1,0.629943373848118
"431",-1,0.950081807387389
"432",-1,0.742789717057314
"433",-1,-0.214133852038665
"434",-1,-0.376184034798412
"435",-1,-1.33571797106609
"436",-1,-1.28012265679462
"437",-1,-1.36985547200433
"438",-1,-0.821146795182731
"439",-1,-0.383777247229063
"440",-1,-0.83471189707736
"441",-1,-0.529472539455591
"442",-1,-0.569285068229631
"443",-1,-1.06895234848892
"444",-1,-0.709019473325413
"445",-1,-1.02998676019963
"446",1,-0.364176688640224
"447",1,-0.736232486793139
"448",1,0.952321803763719
"449",1,0.586541049922132
"450",1,0.919990310807782
"451",1,0.7842202673376
"452",1,0.158667476951036
"453",1,0.360576346772123
"454",1,0.867154430365014
"455",1,0.758112773067056
"456",-1,0.430489220107848
"457",-1,0.523298560599228
"458",-1,-0.40002279621259
"459",-1,-0.937702911463658
"460",-1,-0.466339069546102
"461",-1,-0.928271570221691
"462",-1,-0.231340158799359
"463",-1,-1.02875754712325
"464",-1,-0.748944433027132
"465",-1,-1.27435981806825
"466",-1,-1.1217149137004
"467",-1,-1.07981000240373
"468",-1,-0.756710640498194
"469",-1,-0.518500713665452
"470",-1,-0.653606965030218
"471",1,-0.873285385336084
"472",1,-0.543369993257953
"473",1,0.703581219462704
"474",1,0.714013782858946
"475",1,0.926247578883551
"476",1,0.939468041067104
"477",1,0.518468000969099
"478",1,0.993062020780538
"479",1,0.616646733300679
"480",1,0.579695164019643
"481",1,0.80309581800539
"482",1,0.687520124186869
"483",1,0.731247146970427
"484",1,0.966397777394008
"485",1,1.15775589331303
"486",1,0.816966652669714
"487",1,0.930884264926108
"488",1,0.758998299904729
"489",1,0.87471132831029
"490",1,0.954713744861054
"491",1,0.64054487145774
"492",1,0.865704499260555
"493",1,0.99686409556261
"494",1,0.870596839124504
"495",1,1.37356519722087
"496",1,0.730232673721806
"497",1,0.58977040020878
"498",1,0.2114484057538
"499",1,0.95965220219337
"500",1,1.06764571811968
"501",-1,0.82629985144256
"502",-1,1.1048522808666
"503",-1,-0.274718652955058
"504",-1,-0.462831048671421
"505",-1,-0.623286043209013
"506",-1,-0.583232800427248
"507",-1,-0.701205442106858
"508",-1,0.121185524940296
"509",-1,-0.972768951387713
"510",-1,-1.36208576928336
"511",-1,-1.26584367782428
"512",-1,-1.270452882533
"513",-1,-1.06862207281813
"514",-1,-0.946450099912729
"515",-1,-0.926348973468825
"516",1,-0.671257593612815
"517",1,-0.663887508561854
"518",1,0.668686674705999
"519",1,1.22540938871353
"520",1,1.23077086565868
"521",-1,0.493554320112616
"522",-1,0.0320374395731918
"523",-1,-0.277821482167242
"524",-1,-1.20495539312362
"525",-1,-0.807223331540445
"526",-1,-0.798725183915339
"527",-1,-0.0984360856183818
"528",-1,-0.682393227506017
"529",-1,-0.895060012447093
"530",-1,-0.724831548448041
"531",-1,-0.707056324822715
"532",-1,-0.754697018074446
"533",-1,-0.976443636209411
"534",-1,-1.21710477492491
"535",-1,-0.792480793414851
"536",1,-1.25091879606869
"537",1,-1.22446898565294
"538",1,0.706654537366806
"539",1,0.494568219515731
"540",1,0.642651131530826
"541",-1,1.01918645805151
"542",-1,0.72932515469907
"543",-1,-0.0813523732388968
"544",-1,-0.64744983380242
"545",-1,-0.37071301355249
"546",1,-0.48242625819232
"547",1,-0.768278333768632
"548",1,0.162311692359488
"549",1,0.233423296095019
"550",1,0.530266333106666
"551",1,0.552201681660037
"552",1,0.588432413858011
"553",1,1.04401076911352
"554",1,0.734557988005413
"555",1,1.15718405183628
"556",-1,0.70198007569117
"557",-1,1.10897623795696
"558",-1,-0.502927671434054
"559",-1,-0.546080002937891
"560",-1,-0.382817388596575
"561",-1,-0.81441049800552
"562",-1,-0.906525697573335
"563",-1,-0.178157119389692
"564",-1,-0.378406331035529
"565",-1,-0.81603394088817
"566",-1,-0.561820407666461
"567",-1,-0.856340252038899
"568",-1,-0.570789845992973
"569",-1,-0.30463026788785
"570",-1,-1.194026775742
"571",-1,-0.519443758675085
"572",-1,-0.296277557405299
"573",-1,-0.671441996454567
"574",-1,-0.188009665047341
"575",-1,-0.61053144354072
"576",1,-1.1112186698915
"577",1,-1.53188965225944
"578",1,0.13671574048522
"579",1,0.72562984638523
"580",1,0.795495400231995
"581",-1,0.898430848320583
"582",-1,0.627486412328818
"583",-1,-0.385972280400752
"584",-1,-1.12483895361388
"585",-1,-1.04732355813951
"586",1,-1.11047842205493
"587",1,-0.713208972301388
"588",1,0.389611898425658
"589",1,0.230738819668999
"590",1,0.621980508105376
"591",-1,0.493756621644305
"592",-1,0.501490700460584
"593",-1,-0.212737973625333
"594",-1,-0.552483024159692
"595",-1,-0.561028031654938
"596",1,-0.438770210084564
"597",1,-0.646243364249929
"598",1,0.633973066422481
"599",1,0.880700152042273
"600",1,1.1457373572729
"601",1,1.01229532065404
"602",1,1.30759074872217
"603",1,0.926968648588247
"604",1,0.846201858493769
"605",1,1.36565147721163
"606",-1,0.760237965274234
"607",-1,0.827571663840929
"608",-1,-0.0950558110993749
"609",-1,-0.487420478203298
"610",-1,-0.213643378427962
"611",1,-0.313087434444589
"612",1,-0.562446479441825
"613",1,0.245186102557786
"614",1,0.775577053635659
"615",1,0.296803814027153
"616",-1,0.756878547676083
"617",-1,1.01089716637224
"618",-1,-0.303876955461152
"619",-1,-0.293971043376645
"620",-1,0.01431025714265
"621",1,-0.29409656188014
"622",1,-0.550293501351963
"623",1,0.702442421684401
"624",1,0.82489813891004
"625",1,0.356331907972852
"626",1,0.571210787167774
"627",1,1.11238992540874
"628",1,0.82622833828087
"629",1,1.00142734183007
"630",1,0.52717687725131
"631",1,0.779475404945175
"632",1,0.973446088933984
"633",1,0.39922551727698
"634",1,0.838695849899735
"635",1,0.728868517764567
"636",1,0.484578441175065
"637",1,0.719552278174407
"638",1,0.163672716316818
"639",1,-0.0111897412679534
"640",1,0.224106895582377
"641",1,0.310472407233306
"642",1,0.278260948674772
"643",1,0.104785916726548
"644",1,0.70722713585315
"645",1,0.222144693976771
"646",1,0.697164154395357
"647",1,0.987018135829803
"648",1,0.818137195222186
"649",1,0.838723424299513
"650",1,0.690944878383876
"651",-1,0.312484213227881
"652",-1,0.683044459554085
"653",-1,-0.150481163992705
"654",-1,-0.0167111532328142
"655",-1,-0.709303129134433
"656",1,-1.22844325041879
"657",1,-0.807236539223572
"658",1,0.499586349901392
"659",1,0.542329418013124
"660",1,0.329377153846282
"661",-1,1.31383414256059
"662",-1,0.11872516985704
"663",-1,-0.678060681225448
"664",-1,-1.10858485247298
"665",-1,-1.03007342909892
"666",1,-0.754174845787871
"667",1,-0.763586853582971
"668",1,0.180356027502153
"669",1,0.803314352674089
"670",1,0.924762389727872
"671",-1,1.00805553366944
"672",-1,0.708015267735523
"673",-1,-0.0740230479883301
"674",-1,-0.327554703498582
"675",-1,0.166885985116557
"676",1,-0.218264595930665
"677",1,-0.244170187848009
"678",1,0.584913057320897
"679",1,0.280007088319866
"680",1,0.544840106608925
"681",-1,0.468002348182671
"682",-1,0.527548996814828
"683",-1,-0.307172485713042
"684",-1,-0.782319994184482
"685",-1,-1.02139901925912
"686",1,-0.955222412460881
"687",1,-0.889655831763479
"688",1,0.499878055463175
"689",1,0.309856200786103
"690",1,0.745647681743315
"691",-1,0.767392578166411
"692",-1,1.1951021062427
"693",-1,-0.395501609160412
"694",-1,-0.620053557914395
"695",-1,-1.06768424806554
"696",-1,-1.26077607763256
"697",-1,-0.800779129799604
"698",-1,-0.908742339980231
"699",-1,-0.671404701748771
"700",-1,-1.06577602952241
"701",-1,-0.244678127687134
"702",-1,-0.664743699677664
"703",-1,-0.412866681310187
"704",-1,-0.777522105632331
"705",-1,-0.818621138456554
"706",-1,-0.57568071134824
"707",-1,-0.577558704430315
"708",-1,-1.09575880538674
"709",-1,-1.32628276953095
"710",-1,-1.26491363057385
"711",-1,-1.37601076830947
"712",-1,-0.934855459612487
"713",-1,-1.00312805350242
"714",-1,-0.978924550294946
"715",-1,-1.284924041593
"716",1,-0.666828855336312
"717",1,-0.668416693433055
"718",1,0.395764337214227
"719",1,0.929310011373059
"720",1,0.491400779689717
"721",-1,0.859753109213042
"722",-1,0.900721412684564
"723",-1,-0.272251384379379
"724",-1,-0.799867109691974
"725",-1,-0.627395122840371
"726",1,-0.907524218476839
"727",1,-1.08839731220318
"728",1,-0.0396611175524054
"729",1,0.822507605588296
"730",1,0.445286917988698
"731",-1,0.648216614843466
"732",-1,0.358303015864617
"733",-1,-0.600145434505324
"734",-1,-1.69394488588887
"735",-1,-1.28408110426075
"736",-1,-1.3900012655431
"737",-1,-1.2804745167537
"738",-1,-1.01143901489832
"739",-1,-0.988371207254157
"740",-1,-0.248447833096927
"741",1,-0.889496255055841
"742",1,-0.869572105990971
"743",1,-0.107327033742451
"744",1,0.344253167462083
"745",1,0.194309711574906
"746",-1,0.633667858834084
"747",-1,0.983729234346459
"748",-1,-0.261230129463949
"749",-1,-0.790521480700283
"750",-1,-1.24441700724359
"751",1,-0.405824914818581
"752",1,-0.0931410361011318
"753",1,0.597050987293263
"754",1,0.374059430133293
"755",1,1.05970862445174
"756",1,0.628809381081833
"757",1,0.622062230720949
"758",1,1.03589828277592
"759",1,0.39581503690052
"760",1,0.110541075803157
"761",1,0.773936384093329
"762",1,0.873783113944436
"763",1,0.828960804434003
"764",1,0.962519820189032
"765",1,1.17637481743635
"766",1,1.19239958706053
"767",1,0.724337547616604
"768",1,1.07224367861069
"769",1,0.914066770883629
"770",1,0.680731099564957
"771",1,0.410969104474724
"772",1,0.923281654246013
"773",1,0.688438490129448
"774",1,0.792450717082113
"775",1,0.541068175358985
"776",-1,0.255443964300154
"777",-1,0.72907707051654
"778",-1,-0.471389692302526
"779",-1,-0.250633904137575
"780",-1,-0.385545637010972
"781",-1,-0.335744990655579
"782",-1,-0.904613364006387
"783",-1,-1.07735443170496
"784",-1,-1.25116995998459
"785",-1,-0.747713537526838
"786",1,0.0608855354874197
"787",1,-0.404074220676479
"788",1,0.284475011695292
"789",1,0.880143629203344
"790",1,0.403892394369167
"791",-1,0.258532014404227
"792",-1,0.891278286310874
"793",-1,-0.66841873586861
"794",-1,-0.560487261338841
"795",-1,-0.265435218876016
"796",-1,-0.539306501347665
"797",-1,-0.413722880012768
"798",-1,-1.2028560023075
"799",-1,-0.639892099385794
"800",-1,-0.106451097928228
"801",-1,-0.484978378260602
"802",-1,-1.18109433039811
"803",-1,-0.908606112710408
"804",-1,-0.993134123867921
"805",-1,-0.728013400113432
"806",1,-0.670046511797447
"807",1,-0.645884360654495
"808",1,0.323551844485836
"809",1,0.40678073603541
"810",1,0.473797895931105
"811",-1,0.962745582013185
"812",-1,0.214426194822297
"813",-1,-0.582550136801596
"814",-1,-0.586107468865438
"815",-1,-0.925128381801548
"816",-1,-0.649724377021333
"817",-1,-0.792689197578028
"818",-1,-1.0862955429486
"819",-1,-0.803105065323157
"820",-1,-0.901667695316752
"821",1,-0.955004897320468
"822",1,-1.0635585068015
"823",1,0.35513351210489
"824",1,-0.0120597984590722
"825",1,0.443145305500325
"826",-1,0.487476842280955
"827",-1,0.406936296761219
"828",-1,-0.303620146253038
"829",-1,-0.845927458074924
"830",-1,-0.582341446884286
"831",-1,-0.433871698790977
"832",-1,-0.759119025074521
"833",-1,-0.676829619386704
"834",-1,-0.56253603927436
"835",-1,-0.767545454863834
"836",1,-0.605052321124513
"837",1,-1.15309566801065
"838",1,0.694376434542063
"839",1,0.328916966795517
"840",1,0.0800079401137881
"841",-1,1.05131945192147
"842",-1,0.774478710621911
"843",-1,-0.264848535602886
"844",-1,-0.689885079907016
"845",-1,-1.03321762182667
"846",1,-1.79155206975432
"847",1,-0.806199936299268
"848",1,0.246828379857702
"849",1,0.488206166202805
"850",1,0.791088355947771
"851",-1,0.308227680837166
"852",-1,0.458094220241974
"853",-1,-0.138934718233953
"854",-1,-0.389251037950403
"855",-1,-1.05652064834825
"856",-1,-1.50344064035967
"857",-1,-1.12334426895886
"858",-1,-0.839807321813593
"859",-1,-0.542199397062777
"860",-1,-0.730862821708161
"861",1,-1.12922912008713
"862",1,-0.761327118487152
"863",1,0.019566923662077
"864",1,0.21711660308365
"865",1,0.392994430633263
"866",1,0.269747557275304
"867",1,0.565817603074379
"868",1,0.424025611529697
"869",1,0.607047676485798
"870",1,0.5843958730366
"871",1,0.606481633093
"872",1,0.582883447393293
"873",1,1.12921441687944
"874",1,1.04060182675161
"875",1,0.881082532339357
"876",1,0.371047902052819
"877",1,0.210566602339759
"878",1,0.0382112745492383
"879",1,1.42933364973861
"880",1,1.17500816944663
"881",1,0.976521028398349
"882",1,0.555799274789146
"883",1,0.407811953810882
"884",1,0.885838468626999
"885",1,1.28588860141952
"886",-1,0.358985113922101
"887",-1,0.598025318734055
"888",-1,-0.485009257543974
"889",-1,-1.26443279799939
"890",-1,-0.577213716042075
"891",1,-0.899541092469553
"892",1,-0.205747872560996
"893",1,0.3921076284656
"894",1,0.762532459940797
"895",1,0.381180301773225
"896",-1,0.501371127284089
"897",-1,0.340382730471069
"898",-1,-0.394790645789921
"899",-1,-0.22296048598146
"900",-1,-0.822709590603702
"901",-1,-0.617042977635109
"902",-1,-0.909413113862467
"903",-1,-0.77456923671639
"904",-1,-0.418683770458812
"905",-1,-0.684791409757355
"906",-1,-1.08168540593805
"907",-1,-1.11351894409822
"908",-1,-0.929166490976848
"909",-1,-0.909078386002302
"910",-1,-1.11015075232356
"911",1,-0.815805918120349
"912",1,-0.424530793242123
"913",1,0.388154459592144
"914",1,0.553214510478521
"915",1,-0.000167879909174218
"916",-1,0.36384821743105
"917",-1,0.214809396668035
"918",-1,-0.682555979492353
"919",-1,-0.538431556147805
"920",-1,-0.237377237279062
"921",-1,-0.0944647479185623
"922",-1,-0.65481458940184
"923",-1,-0.817573604378961
"924",-1,-0.519888976799202
"925",-1,-0.582498947504316
"926",-1,-0.49575639256095
"927",-1,-0.474362851876021
"928",-1,-1.17912905710231
"929",-1,-0.678252361363741
"930",-1,-0.819336787405656
"931",-1,-1.0413971503608
"932",-1,-1.06790883945275
"933",-1,-0.462921656105263
"934",-1,-1.0090921004758
"935",-1,-1.21884390020602
"936",-1,-0.824197242811668
"937",-1,-0.196603702154992
"938",-1,-0.68097938889276
"939",-1,-0.645421158874726
"940",-1,-1.04865825142229
"941",1,-0.305885609633772
"942",1,-0.672248144901611
"943",1,0.619651244372879
"944",1,0.358465393968044
"945",1,0.939625871687169
"946",1,0.911850006378543
"947",1,0.453447756697493
"948",1,0.748958702109977
"949",1,0.628217481760521
"950",1,0.791403510361358
"951",1,0.706105819784302
"952",1,0.716770263570474
"953",1,0.449764851473018
"954",1,0.620639323589548
"955",1,0.983386901084978
"956",-1,1.37068843017902
"957",-1,0.55284136080794
"958",-1,0.338320906486579
"959",-1,0.0262075864000096
"960",-1,-0.478385923904489
"961",-1,-0.750428854935217
"962",-1,-0.967573346347524
"963",-1,-0.554161330617952
"964",-1,-0.975737686750263
"965",-1,-0.968033030113176
"966",-1,-0.560774173773173
"967",-1,-0.626356714000741
"968",-1,-0.470959238150269
"969",-1,-0.560942262031034
"970",-1,-0.855129021072489
"971",-1,-0.952025077804555
"972",-1,-0.575431090335533
"973",-1,-0.975514575069845
"974",-1,-0.448828059544656
"975",-1,-0.486948473436416
"976",1,-0.62750128655674
"977",1,-0.740026113925875
"978",1,0.545299193348624
"979",1,1.75319755270517
"980",1,0.906473147361687
"981",1,0.371665029421324
"982",1,1.33911250208894
"983",1,1.0807239498984
"984",1,0.677619253293666
"985",1,1.6279498923465
"986",-1,1.1398985752649
"987",-1,1.01071691529745
"988",-1,-0.568527961148948
"989",-1,-0.947231703835608
"990",-1,-1.33180933117316
"991",-1,-1.03187707997945
"992",-1,-1.20883709854683
"993",-1,-0.699674286659401
"994",-1,-0.911731454020234
"995",-1,-0.266328619240345
"996",1,-0.223297489011948
"997",1,-0.603090557251471
"998",1,0.393477598789853
"999",1,0.987910940248011
"1000",1,0.422093877039935
"1001",-1,0.932856436463485
"1002",-1,0.590923440359429
"1003",-1,-0.567653800805946
"1004",-1,-0.858291535174887
"1005",-1,-0.583383115389633
"1006",1,-0.992355295219096
"1007",1,-1.15868879857983
"1008",1,0.496420968544976
"1009",1,0.461850400954818
"1010",1,0.785439088474513
"1011",1,0.647139224963202
"1012",1,0.842189013074312
"1013",1,-0.015426461192209
"1014",1,0.782890969178492
"1015",1,1.33339716886322
"1016",-1,1.21950649981034
"1017",-1,1.19920839644421
"1018",-1,-0.362620728102538
"1019",-1,-0.501330838863284
"1020",-1,-0.590597916420062
"1021",-1,-0.68798839823394
"1022",-1,-1.01575602882784
"1023",-1,-0.940484776835598
"1024",-1,-0.892093532204376
"1025",-1,-0.981462107079862
"1026",1,-0.580501262646191
"1027",1,0.0330566091429201
"1028",1,0.15724430805292
"1029",1,0.64474941900529
"1030",1,0.254078945655874
"1031",-1,1.07576483539559
"1032",-1,1.26016880322746
"1033",-1,-0.829413796989342
"1034",-1,-0.0423372232241204
"1035",-1,-0.948574480098148
"1036",1,-0.699657251781915
"1037",1,-0.423834636506918
"1038",1,0.530374274109924
"1039",1,1.37717685751211
"1040",1,1.74123767574904
"1041",-1,1.05322817445425
"1042",-1,0.310424828971407
"1043",-1,-0.57928831840458
"1044",-1,-0.923213817827222
"1045",-1,-1.02298437664094
"1046",-1,-1.19554972586534
"1047",-1,-0.866066839728205
"1048",-1,-0.174276279901304
"1049",-1,-0.913361398844935
"1050",-1,-0.877476293885805
"1051",-1,-0.443254309836749
"1052",-1,-0.348760882522955
"1053",-1,-0.535897241964485
"1054",-1,-0.389556182150126
"1055",-1,-0.416766817012901
"1056",1,-0.811710172924656
"1057",1,-0.634010470317289
"1058",1,0.347713023600763
"1059",1,0.317671112840341
"1060",1,0.84492871915932
"1061",1,0.783577816156396
"1062",1,0.726216986705893
"1063",1,0.873112628295445
"1064",1,1.12121710366329
"1065",1,0.991164427275834
"1066",1,0.919827713654731
"1067",1,0.929932864665767
"1068",1,0.85462098559608
"1069",1,0.57754357718485
"1070",1,1.01104633026896
"1071",-1,1.27641799598566
"1072",-1,0.735651546716092
"1073",-1,0.228105555633102
"1074",-1,-0.524564812822515
"1075",-1,-0.722642728565578
"1076",-1,-1.02204342558342
"1077",-1,-1.07642675425357
"1078",-1,-1.16440275968188
"1079",-1,-0.779879531389349
"1080",-1,-0.318490118366474
"1081",1,-0.543951540028438
"1082",1,-0.451893506342214
"1083",1,0.917345629207042
"1084",1,-0.0590478002235046
"1085",1,0.554615752690969
"1086",-1,0.804837193665644
"1087",-1,0.995744166827032
"1088",-1,-0.782802898269693
"1089",-1,-0.985696045040722
"1090",-1,-0.547386847801005
"1091",1,-0.785567334923298
"1092",1,-0.606822360558373
"1093",1,0.140335545293719
"1094",1,0.0446488590719545
"1095",1,0.818033198682466
"1096",1,1.11415965470837
"1097",1,1.35997457833001
"1098",1,0.440635851684223
"1099",1,0.342924344981221
"1100",1,0.232215941805309
"1101",1,0.642754305647588
"1102",1,0.530689149542207
"1103",1,1.13930896701696
"1104",1,0.384850356910527
"1105",1,0.179485713239736
"1106",-1,0.71995965846538
"1107",-1,1.11774063176697
"1108",-1,-0.608175953482328
"1109",-1,-1.02815486866982
"1110",-1,-0.841231341030262
"1111",1,-1.32393873172098
"1112",1,-0.901237638877111
"1113",1,0.609694805941881
"1114",1,0.695114598099464
"1115",1,0.12314457569892
"1116",-1,0.472941197526229
"1117",-1,0.59188698934894
"1118",-1,0.0981018201191916
"1119",-1,-0.233699071626063
"1120",-1,-0.621690500900565
"1121",-1,-0.291373453488237
"1122",-1,-1.00027820359815
"1123",-1,-0.911158392183121
"1124",-1,-0.375848645248945
"1125",-1,-0.246836443482773
"1126",-1,-0.434981611798806
"1127",-1,-0.531590862019168
"1128",-1,-0.89770163911541
"1129",-1,-0.557688059280616
"1130",-1,-1.01139701136581
"1131",-1,-0.645453419377832
"1132",-1,-0.688104461133865
"1133",-1,-0.41050977554394
"1134",-1,-0.848010208074864
"1135",-1,-0.582438636077814
"1136",-1,-0.500743914327327
"1137",-1,-1.0097112248158
"1138",-1,-0.770219118000542
"1139",-1,-0.29483621029257
"1140",-1,-0.663390357491135
"1141",-1,-0.839957919882259
"1142",-1,-0.646291779843853
"1143",-1,-0.853462945407899
"1144",-1,-0.660498802949676
"1145",-1,-0.814906170464482
"1146",-1,-0.800464037889386
"1147",-1,-0.652778839926887
"1148",-1,-0.33930176720655
"1149",-1,-0.555996191410396
"1150",-1,-0.19960199978761
"1151",1,-1.29760477586972
"1152",1,-0.998442554319731
"1153",1,0.418026569167987
"1154",1,0.322520123117386
"1155",1,0.236999074868917
"1156",-1,0.834670898000506
"1157",-1,0.952551589160548
"1158",-1,-0.290339817479207
"1159",-1,-0.447613081372467
"1160",-1,-0.936605663681296
"1161",1,-0.943096873036426
"1162",1,-0.858066161719217
"1163",1,0.163576025364134
"1164",1,0.651991162262904
"1165",1,1.44246033311779
"1166",1,0.744350502808569
"1167",1,1.02266477426279
"1168",1,0.522796239682859
"1169",1,1.1831366230273
"1170",1,0.558017914447295
"1171",-1,0.83695135245097
"1172",-1,0.603058780890009
"1173",-1,-0.277872127918986
"1174",-1,-0.583919628752643
"1175",-1,-0.706947390639446
"1176",1,0.183284378301765
"1177",1,-0.787371394950827
"1178",1,0.451261164816383
"1179",1,1.47852511618217
"1180",1,0.522112975057114
"1181",-1,0.944714675618282
"1182",-1,0.479489232525107
"1183",-1,-0.132216719117949
"1184",-1,-0.460309394628996
"1185",-1,-0.455006931353435
"1186",-1,-0.777553085210613
"1187",-1,-0.684785064316566
"1188",-1,-0.30000380129969
"1189",-1,-1.40914707319906
"1190",-1,-1.405230330338
"1191",1,-0.816284788219457
"1192",1,-1.05461332952725
"1193",1,0.241096596876633
"1194",1,0.0752950559540356
"1195",1,0.293523945745732
"1196",1,0.504788678590471
"1197",1,0.46122083478159
"1198",1,0.425459053322916
"1199",1,0.561531848837852
"1200",1,0.422688558086531
"1201",1,1.12511434895409
"1202",1,0.522684406505686
"1203",1,1.32999730838974
"1204",1,0.774126216145886
"1205",1,0.363504558855075
"1206",-1,0.523832130953764
"1207",-1,1.01612452688889
"1208",-1,-0.0466781321972372
"1209",-1,-0.472844997273186
"1210",-1,-0.560739031547932
"1211",1,-0.507492387413522
"1212",1,-1.17517843951031
"1213",1,0.166874878525695
"1214",1,-0.0401207622567292
"1215",1,0.411543964701372
"1216",-1,0.948564660302444
"1217",-1,1.01110111865108
"1218",-1,0.360963020079208
"1219",-1,-0.383837052146316
"1220",-1,-1.28967795387342
"1221",1,-0.30602133218499
"1222",1,-0.307788380702389
"1223",1,0.340213888563193
"1224",1,0.695777050655688
"1225",1,0.973253659341526
"1226",1,0.934336655290238
"1227",1,1.05088235849232
"1228",1,0.823734222867871
"1229",1,0.810283116062812
"1230",1,0.836680768091164
"1231",-1,0.560272418594765
"1232",-1,1.20502921020979
"1233",-1,-0.33047703785151
"1234",-1,-0.348754890300115
"1235",-1,-0.909856489688501
"1236",-1,-1.11384138131437
"1237",-1,-0.883681282566287
"1238",-1,-0.913144202137725
"1239",-1,-0.4547555925058
"1240",-1,-0.549074563461876
"1241",1,-0.561107863159985
"1242",1,-1.18876159727812
"1243",1,0.0366865397317416
"1244",1,0.574041008470985
"1245",1,0.557843556968753
"1246",1,1.11988602385891
"1247",1,1.26166459503121
"1248",1,0.719934918879957
"1249",1,1.09180894256766
"1250",1,1.30416181870314
"1251",1,1.02120134891426
"1252",1,1.39350795077536
"1253",1,1.2787173048039
"1254",1,1.00627339995373
"1255",1,1.16009441143613
"1256",-1,0.958343245258416
"1257",-1,0.729528133344398
"1258",-1,-0.28252120229442
"1259",-1,-0.563812369188551
"1260",-1,-0.800649068317636
"1261",-1,-0.205687022997043
"1262",-1,-0.600884491990241
"1263",-1,0.141987151685137
"1264",-1,-0.681688502918405
"1265",-1,-0.534301614433343
"1266",1,-0.220215987017654
"1267",1,0.202809772281598
"1268",1,0.738482837071067
"1269",1,0.490541108960799
"1270",1,0.974292192646919
"1271",1,0.393540872540687
"1272",1,0.635389768348396
"1273",1,0.829646043286424
"1274",1,1.26006963899127
"1275",1,1.34318741989103
"1276",1,0.92653881493259
"1277",1,1.15805684686055
"1278",1,0.7897788132389
"1279",1,1.03443478926615
"1280",1,1.46016670434126
"1281",1,0.997954356349834
"1282",1,0.789067683108421
"1283",1,0.664920352754869
"1284",1,1.00646578465355
"1285",1,1.25815027577092
"1286",1,1.5744078107452
"1287",1,1.00263497678952
"1288",1,0.947746739231977
"1289",1,0.658326985291423
"1290",1,1.29894379295002
"1291",1,0.87268597440265
"1292",1,0.693849957019009
"1293",1,1.48253778036978
"1294",1,1.19016050781962
"1295",1,1.14477567071586
"1296",1,0.586440076525835
"1297",1,0.925855509473293
"1298",1,0.986240015885308
"1299",1,0.498376810388441
"1300",1,0.681405343220631
"1301",-1,0.634075905322351
"1302",-1,0.922375945767745
"1303",-1,-0.707318766236284
"1304",-1,-0.313749995223082
"1305",-1,-0.0957622057757849
"1306",-1,-0.713264799005627
"1307",-1,-0.730565831857468
"1308",-1,-0.604245818396897
"1309",-1,-0.369684839649325
"1310",-1,-0.533916425842028
"1311",1,-0.590924164293338
"1312",1,-0.88580737522132
"1313",1,0.329693929770671
"1314",1,0.780778152484764
"1315",1,1.26436231126571
"1316",1,1.0522737660131
"1317",1,0.490834397162385
"1318",1,0.896776898980046
"1319",1,0.77817359518248
"1320",1,0.720649191323626
"1321",-1,0.714164138755809
"1322",-1,0.499669468413794
"1323",-1,-0.568150501842699
"1324",-1,-0.901694976379697
"1325",-1,-0.891842604287742
"1326",-1,-0.774213705549335
"1327",-1,-0.74310106580465
"1328",-1,-0.856286393718655
"1329",-1,-0.855944220412391
"1330",-1,-0.8028409635166
"1331",1,-0.65969486886039
"1332",1,-0.368036524008768
"1333",1,0.690485216378181
"1334",1,0.595761465567738
"1335",1,0.914186176674884
"1336",1,0.722716086918202
"1337",1,0.221532779528856
"1338",1,-0.0625602662858564
"1339",1,0.0495121189564215
"1340",1,0.512335759441958
"1341",-1,0.482720859729514
"1342",-1,0.472408587989092
"1343",-1,-0.482618366405331
"1344",-1,-0.85355448636731
"1345",-1,-0.963647135952768
"1346",1,-0.629227279202908
"1347",1,-0.525051713811371
"1348",1,1.23377095936089
"1349",1,0.881360412959321
"1350",1,0.8304336770617
"1351",-1,0.628127031075802
"1352",-1,0.706799064151374
"1353",-1,-0.444060386485245
"1354",-1,-1.17246119409858
"1355",-1,-0.901046777794698
"1356",1,-0.589082345038571
"1357",1,-0.946140481660509
"1358",1,0.5373675322455
"1359",1,0.935317666320628
"1360",1,1.11422414638619
"1361",-1,1.10058453606107
"1362",-1,0.161970318192533
"1363",-1,-0.683099141356077
"1364",-1,-0.402931474006846
"1365",-1,-0.562181362134898
"1366",-1,-0.716997785994323
"1367",-1,-0.620793622395052
"1368",-1,-0.394486180018154
"1369",-1,-0.65582462357953
"1370",-1,-0.98239925618658
"1371",1,-0.876202510510263
"1372",1,-0.886718319755031
"1373",1,0.659929250196876
"1374",1,0.775275040899418
"1375",1,0.921663504934176
"1376",1,0.855639019764734
"1377",1,0.699235712972329
"1378",1,0.803320111594473
"1379",1,0.864387995381023
"1380",1,0.369510376734861
"1381",-1,0.773956505018964
"1382",-1,1.0633370040883
"1383",-1,-0.391171185964162
"1384",-1,-0.0878973277459926
"1385",-1,-0.415876729683793
"1386",1,-0.794035808857926
"1387",1,-0.805822320413127
"1388",1,0.324667945383543
"1389",1,0.664690586370127
"1390",1,0.948123390695508
"1391",1,0.710155842159418
"1392",1,0.927744084076795
"1393",1,1.37545109726442
"1394",1,1.21576743664171
"1395",1,1.18048629235868
"1396",-1,0.654287047270664
"1397",-1,0.635512721428964
"1398",-1,-0.354863011761408
"1399",-1,-0.632269652756624
"1400",-1,-1.22047196439917
"1401",-1,-1.33497300020197
"1402",-1,-0.599306125907027
"1403",-1,-1.03674689476707
"1404",-1,-0.189220830286102
"1405",-1,-1.39443337433021
"1406",-1,-0.744509006202028
"1407",-1,-0.814629964887831
"1408",-1,-1.0465182482623
"1409",-1,-0.7236572274288
"1410",-1,-1.05122455596491
"1411",-1,-0.578413462348085
"1412",-1,-0.749627025858946
"1413",-1,-1.29957709640133
"1414",-1,-1.66103585251231
"1415",-1,-1.09024085530305
"1416",-1,-0.555858190383611
"1417",-1,-0.729339065351111
"1418",-1,-0.764701332008175
"1419",-1,-0.570010492916432
"1420",-1,-1.1908853652147
"1421",-1,-0.412512236618552
"1422",-1,-1.02413873986396
"1423",-1,-0.815328956790788
"1424",-1,-0.926217856202026
"1425",-1,-0.781323804620257
"1426",1,-1.4197606927037
"1427",1,-0.443509283200796
"1428",1,0.606276325072463
"1429",1,1.28695294494985
"1430",1,1.30078860630515
"1431",-1,0.919627628893848
"1432",-1,0.561771193895789
"1433",-1,-0.979919477206381
"1434",-1,-0.719625711721845
"1435",-1,-0.692118673022648
"1436",-1,-0.436133078483486
"1437",-1,-1.01800891398672
"1438",-1,-0.56744930747017
"1439",-1,-0.736537668567629
"1440",-1,-1.01970654174821
"1441",1,-0.591643416327604
"1442",1,-0.685257751266285
"1443",1,0.35782200814531
"1444",1,1.1948669995789
"1445",1,1.01199633705498
"1446",-1,0.813328981559284
"1447",-1,0.9048657459036
"1448",-1,-0.346362718894256
"1449",-1,-0.526544317117369
"1450",-1,-0.536302524298776
"1451",1,-0.902031855974359
"1452",1,-1.04580227659218
"1453",1,0.466758385738406
"1454",1,1.19528336418058
"1455",1,0.721780601058967
"1456",1,0.469746539392606
"1457",1,0.655513987341691
"1458",1,0.597328485104942
"1459",1,0.641066492488297
"1460",1,0.901959864063676
"1461",-1,0.764757178801792
"1462",-1,0.606760925806675
"1463",-1,-0.580565652566353
"1464",-1,-1.06640399669551
"1465",-1,-1.07954027778732
"1466",1,-1.30505900557336
"1467",1,-1.08164951010893
"1468",1,-0.0350121815196077
"1469",1,0.261812171974885
"1470",1,0.502601497287357
"1471",1,0.300305592824598
"1472",1,0.657913695839216
"1473",1,0.838428336910792
"1474",1,0.482323399856941
"1475",1,1.08479506530651
"1476",-1,0.335150981850366
"1477",-1,0.594150313825879
"1478",-1,-0.935254945687749
"1479",-1,-0.835758450084886
"1480",-1,-1.20384399045568
"1481",1,-1.05810307677985
"1482",1,-1.10874994043615
"1483",1,-0.0588358555897132
"1484",1,-0.169964855620007
"1485",1,0.689594997226719
"1486",1,1.32369177028832
"1487",1,1.57517367754602
"1488",1,0.821023232877646
"1489",1,0.842656276773376
"1490",1,0.678410224764148
"1491",-1,0.807406439733163
"1492",-1,0.505957741771154
"1493",-1,-1.06684760016751
"1494",-1,-0.76285154998351
"1495",-1,-1.1653872435959
"1496",-1,-1.46807054549349
"1497",-1,-0.202751191254519
"1498",-1,-0.800406983958287
"1499",-1,-0.650348069924117
"1500",-1,-0.386397844925224
"1501",1,-1.23909395377801
"1502",1,-0.729067682144432
"1503",1,0.554937217735414
"1504",1,0.656136130233026
"1505",1,0.770088014881779
"1506",-1,0.60312388792144
"1507",-1,0.980298838326827
"1508",-1,-0.647221291657036
"1509",-1,-0.894816850150938
"1510",-1,-0.542484920563658
"1511",-1,-0.206721831955668
"1512",-1,-0.785549138673058
"1513",-1,-0.915837818242565
"1514",-1,-0.680958667530361
"1515",-1,-0.440083835470054
"1516",-1,-0.415671486659421
"1517",-1,-0.614239145170959
"1518",-1,-0.933364789577751
"1519",-1,-0.607348702705257
"1520",-1,-0.788474845448337
"1521",-1,-0.351291090262273
"1522",-1,-1.15159030246783
"1523",-1,-0.797539004600125
"1524",-1,-0.404322833160445
"1525",-1,-0.88102754154107
"1526",-1,-0.991146989588985
"1527",-1,-1.13153848222269
"1528",-1,-0.965337471814158
"1529",-1,-0.919638128798597
"1530",-1,-0.797554243832086
"1531",-1,-1.09108896386504
"1532",-1,-0.835641868165746
"1533",-1,-1.0166131789227
"1534",-1,-0.967620101714018
"1535",-1,-1.11388217655603
"1536",1,-0.966751711496544
"1537",1,0.272313391698205
"1538",1,1.67504565008462
"1539",1,1.27694319330389
"1540",1,1.17861810581172
"1541",1,0.510440720700492
"1542",1,0.591610547379788
"1543",1,0.555391375365293
"1544",1,0.905734722394137
"1545",1,0.954818161786382
"1546",-1,0.865891739185239
"1547",-1,0.71504754098985
"1548",-1,-0.70297296341542
"1549",-1,-0.661969922384668
"1550",-1,-0.371259122332329
"1551",1,-0.558555278178587
"1552",1,-0.662573294713417
"1553",1,0.659452483970284
"1554",1,0.852106920060233
"1555",1,0.259460273155459
"1556",-1,0.689017142601753
"1557",-1,0.608026860870839
"1558",-1,-1.0987922819428
"1559",-1,-1.17655657705051
"1560",-1,-0.963397441507677
"1561",-1,-0.590327674555389
"1562",-1,-0.845979799659084
"1563",-1,-0.718306285153528
"1564",-1,-1.06799850458058
"1565",-1,-1.53100844804272
"1566",1,-0.931145433317493
"1567",1,-1.17527243219419
"1568",1,0.673406274971568
"1569",1,1.17414697888595
"1570",1,0.704927232490234
"1571",-1,1.16494255783805
"1572",-1,1.17087623624241
"1573",-1,-0.752509249465218
"1574",-1,-0.652559907036073
"1575",-1,-0.640542808304986
"1576",1,-0.579657817029535
"1577",1,-0.525425735127881
"1578",1,0.686344127241437
"1579",1,0.893721861355699
"1580",1,0.683655968069982
"1581",-1,0.891409308734469
"1582",-1,0.0972974558515782
"1583",-1,-0.907087510033684
"1584",-1,-0.362609372423584
"1585",-1,-0.904277045823987
"1586",1,-0.685872092860323
"1587",1,-0.297099368364021
"1588",1,0.227279124748873
"1589",1,0.294616434877038
"1590",1,0.48250242328421
"1591",1,0.827469005818865
"1592",1,0.707140061092437
"1593",1,0.46378597211983
"1594",1,0.227246510844163
"1595",1,0.545759083341121
"1596",1,0.638073301236119
"1597",1,0.570767196553977
"1598",1,0.653315469759473
"1599",1,0.405109984803581
"1600",1,0.880158055688378
"1601",1,0.100298760377074
"1602",1,0.702183169436057
"1603",1,0.948939182905266
"1604",1,0.542576157941571
"1605",1,0.733761602792826
"1606",-1,0.864567764183618
"1607",-1,0.610243158633828
"1608",-1,-0.44088494135539
"1609",-1,-0.488826433932663
"1610",-1,-0.979862459000854
"1611",1,-0.536925568714624
"1612",1,-0.401569285213256
"1613",1,0.59694458737388
"1614",1,0.672781513155579
"1615",1,0.366712151974317
"1616",-1,0.850311922534283
"1617",-1,0.393726037754888
"1618",-1,0.0152599094597008
"1619",-1,-0.376799415218217
"1620",-1,-0.554602524480272
"1621",1,-0.826890741388942
"1622",1,-1.4643150577835
"1623",1,-0.103793760384406
"1624",1,0.577059840199317
"1625",1,1.41675330429118
"1626",1,1.11359893342602
"1627",1,0.984523857754902
"1628",1,0.691485410201441
"1629",1,0.835829462079968
"1630",1,1.11061337328357
"1631",1,0.783702956207378
"1632",1,1.41417141763608
"1633",1,0.541739737929597
"1634",1,0.667656709365195
"1635",1,0.786100896735411
"1636",-1,0.170188493501661
"1637",-1,0.849262357555319
"1638",-1,-0.404408557392406
"1639",-1,-0.584064553134222
"1640",-1,-0.44837958823596
"1641",1,-0.369538975883189
"1642",1,-0.43010945500259
"1643",1,0.360588073198847
"1644",1,0.610036818616574
"1645",1,0.821210213623421
"1646",1,0.379638373312903
"1647",1,0.381427849859935
"1648",1,0.553983040143118
"1649",1,0.74205775013503
"1650",1,1.3300024520547
"1651",-1,1.14721540379974
"1652",-1,0.758041659096884
"1653",-1,-0.577935934722845
"1654",-1,-0.144258177807763
"1655",-1,0.246783588673697
"1656",-1,-0.482985730675985
"1657",-1,-0.808807992504916
"1658",-1,-1.20569523942351
"1659",-1,-0.560513210674112
"1660",-1,-0.68113490654923
"1661",-1,-0.399518161679781
"1662",-1,-0.997677362177503
"1663",-1,-0.736554790401622
"1664",-1,-0.997927958624704
"1665",-1,-0.433739670455846
"1666",1,-0.91212441840018
"1667",1,-0.831412787683181
"1668",1,0.282595497283909
"1669",1,0.888613432987977
"1670",1,0.885494564865974
"1671",-1,0.484550990457537
"1672",-1,0.537467401749451
"1673",-1,-0.801926791404893
"1674",-1,-0.541840037514285
"1675",-1,-0.61392261437693
"1676",-1,-1.25561605087557
"1677",-1,-1.47565498914632
"1678",-1,-0.969703946394901
"1679",-1,-0.660547524889961
"1680",-1,-0.743035267835088
"1681",1,-1.27572291559193
"1682",1,-1.38212708321368
"1683",1,0.530347436514207
"1684",1,0.536944519215922
"1685",1,0.560123213916714
"1686",1,1.13292399458047
"1687",1,0.589731808379721
"1688",1,0.813255457573932
"1689",1,0.925900626102009
"1690",1,1.08258242368108
"1691",-1,0.59334033871875
"1692",-1,0.890715306397862
"1693",-1,0.480600874465921
"1694",-1,-0.898887329146256
"1695",-1,-0.568673844131496
"1696",1,-0.798166725131471
"1697",1,-1.03883335852893
"1698",1,0.0959516200288274
"1699",1,0.684354257933985
"1700",1,1.42720750452679
"1701",-1,0.642894443145793
"1702",-1,0.967822576144466
"1703",-1,-0.544199366783352
"1704",-1,0.00598260282539775
"1705",-1,-0.412285485574436
"1706",-1,-0.701423329359343
"1707",-1,-0.541606907240745
"1708",-1,-0.731375451007821
"1709",-1,-0.415030952246805
"1710",-1,-0.77124236468411
"1711",-1,-1.12263800834841
"1712",-1,-0.776997789280747
"1713",-1,-0.318235832671845
"1714",-1,-1.0856159226905
"1715",-1,-0.905922763740433
"1716",-1,-0.512215924754732
"1717",-1,-1.35863142581095
"1718",-1,-0.699373263153911
"1719",-1,-0.570914637243525
"1720",-1,-0.68937994754468
"1721",1,-1.00851221444205
"1722",1,-0.833441462399511
"1723",1,0.413424287922627
"1724",1,0.893624093973059
"1725",1,0.967909117126157
"1726",-1,0.710254427735402
"1727",-1,1.30060342587234
"1728",-1,-0.31944819076442
"1729",-1,-0.811899023557131
"1730",-1,-0.867490854563937
"1731",-1,-0.52063693984072
"1732",-1,-0.680040666974046
"1733",-1,-0.477457249995172
"1734",-1,-0.701163631136499
"1735",-1,0.0292531764843651
"1736",1,-1.14801659908701
"1737",1,-0.947519483723336
"1738",1,0.339064488437752
"1739",1,0.605746435936203
"1740",1,1.15488021097421
"1741",1,0.908695148571163
"1742",1,0.797201008761944
"1743",1,0.831192723071031
"1744",1,1.04673169962795
"1745",1,0.634056809517528
"1746",1,0.924992970990546
"1747",1,0.324824302362713
"1748",1,0.685965967664943
"1749",1,0.452637451077003
"1750",1,0.509212021164482
"1751",1,0.80588548160642
"1752",1,0.42035843133557
"1753",1,0.404172519148641
"1754",1,0.216551949838503
"1755",1,-0.0526339258463935
"1756",-1,0.537182742137842
"1757",-1,1.05065803280318
"1758",-1,-0.442511904882028
"1759",-1,-0.677978566253109
"1760",-1,-1.04780087803631
"1761",-1,-0.323909134443392
"1762",-1,-0.791032833809499
"1763",-1,-0.362650241978304
"1764",-1,-0.589618372690779
"1765",-1,-0.812334144624973
"1766",1,-0.439007597623654
"1767",1,-0.411492101134748
"1768",1,0.465810393238039
"1769",1,1.05329332114105
"1770",1,1.36699691930859
"1771",-1,0.893760730501768
"1772",-1,0.772251750053442
"1773",-1,-0.261660287866767
"1774",-1,-0.457982237781148
"1775",-1,-0.407004275972809
"1776",1,-0.760934173965104
"1777",1,-0.530080969263888
"1778",1,0.798713498686358
"1779",1,0.756023856546146
"1780",1,0.809645177808059
"1781",-1,0.393627265943196
"1782",-1,0.344937105857429
"1783",-1,-0.978418268795239
"1784",-1,-1.14404300073817
"1785",-1,-0.903024706208532
"1786",1,-1.34747892196579
"1787",1,-0.210267120072163
"1788",1,0.7155672114992
"1789",1,0.0338023655303907
"1790",1,0.247954293836452
"1791",-1,0.599610384096128
"1792",-1,0.168314379504692
"1793",-1,-0.698776255810618
"1794",-1,-0.360754175393561
"1795",-1,-0.735701932809354
"1796",1,-0.773567223849431
"1797",1,-1.09713596563267
"1798",1,0.170735842539197
"1799",1,0.1106829518547
"1800",1,0.698735101726302
"1801",1,0.571814830281026
"1802",1,0.976529665980651
"1803",1,1.2051967929943
"1804",1,1.2258637966113
"1805",1,0.899722175281292
"1806",-1,0.693791618125658
"1807",-1,0.407639459712767
"1808",-1,-0.44258377185122
"1809",-1,-0.329122482986487
"1810",-1,-0.763396560963958
"1811",-1,-0.804162847809743
"1812",-1,-0.590747670582748
"1813",-1,-0.480645942849099
"1814",-1,-1.17034916076408
"1815",-1,-0.787523938700361
"1816",-1,-0.750805189511923
"1817",-1,-0.841772623367855
"1818",-1,-0.524225491626171
"1819",-1,-0.861976737819498
"1820",-1,-1.05770205732669
"1821",1,-0.763189449215262
"1822",1,-0.662378782838629
"1823",1,0.356408758118849
"1824",1,0.850595061065859
"1825",1,0.269729788887598
"1826",1,0.338958548260641
"1827",1,-0.30004924921567
"1828",1,0.706310037902631
"1829",1,0.390300802347776
"1830",1,0.609121770922926
"1831",-1,1.04773220064325
"1832",-1,0.844250218142236
"1833",-1,-0.521991396788045
"1834",-1,-0.887522161589843
"1835",-1,-0.839280138366634
"1836",1,-0.606173460466314
"1837",1,-1.23976714361104
"1838",1,0.302347185441109
"1839",1,0.805072048889457
"1840",1,0.279038735294723
"1841",1,0.885973103049945
"1842",1,0.995543395142501
"1843",1,0.55399821169513
"1844",1,0.284918453307457
"1845",1,0.822160163934119
"1846",1,1.02558176925647
"1847",1,1.01918928095778
"1848",1,1.09590583556517
"1849",1,0.501761304231349
"1850",1,0.94765592017922
"1851",1,0.635024138898582
"1852",1,0.595016727086935
"1853",1,0.258746662577842
"1854",1,1.02489509415949
"1855",1,0.863430904126535
"1856",-1,1.13247772595925
"1857",-1,1.34885067358029
"1858",-1,-0.628548043009394
"1859",-1,-0.403045784132366
"1860",-1,-0.666560053285446
"1861",-1,-0.442955192176006
"1862",-1,-0.357928107999459
"1863",-1,-0.424593331022137
"1864",-1,-0.948684985896
"1865",-1,-0.836775162897372
"1866",1,-0.722858818770669
"1867",1,0.212326070716877
"1868",1,0.99440917836719
"1869",1,1.51468678481597
"1870",1,1.06826432787321
"1871",1,0.961796467324788
"1872",1,1.05470252308053
"1873",1,0.702283413358636
"1874",1,1.19383981546046
"1875",1,0.829284072049039
"1876",1,0.395225171890197
"1877",1,1.0033070972954
"1878",1,0.323024805319979
"1879",1,0.127112564032264
"1880",1,0.729720663809709
"1881",-1,0.43679487342482
"1882",-1,0.420610011625669
"1883",-1,-0.554508185856146
"1884",-1,-0.816494558803142
"1885",-1,-0.832315842127267
"1886",1,-0.708987983683542
"1887",1,-1.14982640003242
"1888",1,-0.0511935057543126
"1889",1,-0.173369147871295
"1890",1,0.389083908650857
"1891",1,0.841627957119785
"1892",1,0.535719299536709
"1893",1,0.893015949428838
"1894",1,0.969810077599477
"1895",1,1.14694934732467
"1896",1,1.19235261390795
"1897",1,0.684484949062187
"1898",1,0.536635844880968
"1899",1,0.764906942274893
"1900",1,0.567617684665321
"1901",1,1.20627971915065
"1902",1,1.30166619574696
"1903",1,0.950014213216572
"1904",1,0.730912236188023
"1905",1,0.967508561838873
"1906",-1,0.627762855014778
"1907",-1,0.736607234374602
"1908",-1,-0.587584549665327
"1909",-1,-0.610078433795369
"1910",-1,-0.358240293874295
"1911",1,-0.451372693196509
"1912",1,-0.334484927510603
"1913",1,0.235007772758047
"1914",1,0.661139580095076
"1915",1,0.402550421336269
"1916",1,0.816257255216378
"1917",1,0.874615218479808
"1918",1,1.21633855076196
"1919",1,1.23279735971127
"1920",1,1.11868388010094
"1921",1,0.737653531494077
"1922",1,0.66621977620625
"1923",1,0.129505940297163
"1924",1,0.517614833202388
"1925",1,0.21080590448739
"1926",1,0.946599105415606
"1927",1,1.07030699647698
"1928",1,0.893318290606239
"1929",1,0.713877005864006
"1930",1,0.83807830547636
"1931",1,1.31302467743786
"1932",1,1.33087295710913
"1933",1,0.795638244710375
"1934",1,0.893618412260307
"1935",1,0.476500138700925
"1936",1,0.871271959030977
"1937",1,1.03133143669464
"1938",1,1.13017120588335
"1939",1,0.395486131574556
"1940",1,0.902582289950431
"1941",1,0.530129946895975
"1942",1,0.627974442251821
"1943",1,0.998901130486711
"1944",1,0.918994238071767
"1945",1,0.779427132632331
"1946",1,0.997113158337127
"1947",1,1.3578707417245
"1948",1,0.72670718355932
"1949",1,0.395564240674328
"1950",1,0.358330999773079
"1951",-1,0.390818058034668
"1952",-1,0.472735683684393
"1953",-1,-0.317592899295704
"1954",-1,-1.2730836443404
"1955",-1,-0.764049965822339
"1956",1,-1.05056892697093
"1957",1,-0.503724912536836
"1958",1,0.173270752561974
"1959",1,0.570191262464585
"1960",1,0.387887998990089
"1961",1,0.467363099623262
"1962",1,0.616076667628279
"1963",1,0.660365880161393
"1964",1,0.585927933493774
"1965",1,1.09955774222322
"1966",1,1.01670648400322
"1967",1,1.44281155574519
"1968",1,0.857721467907228
"1969",1,1.19246587328553
"1970",1,0.231205844706974
"1971",-1,0.916660502049994
"1972",-1,0.915226053723744
"1973",-1,-0.495953164693045
"1974",-1,-0.39259036933369
"1975",-1,-0.384731142883654
"1976",1,-0.34876993908225
"1977",1,-0.539691739665856
"1978",1,0.680404007891301
"1979",1,0.470036264598153
"1980",1,0.352635287163431
"1981",1,0.595587555314143
"1982",1,0.782174536806744
"1983",1,1.07410465537503
"1984",1,0.596853820770728
"1985",1,0.618635573893409
"1986",1,1.69636497274491
"1987",1,0.769120341661403
"1988",1,1.45087692843696
"1989",1,1.2472045047429
"1990",1,0.756026810370428
"1991",-1,0.797235562235888
"1992",-1,0.740686530064092
"1993",-1,-0.259514159309158
"1994",-1,-0.142822666470321
"1995",-1,-1.11888642037784
"1996",-1,-0.164108249104634
"1997",-1,-0.428083333736564
"1998",-1,-0.861407266277625
"1999",-1,-0.818478515357583
"2000",-1,-0.702549127465211
"2001",1,-0.686037704737669
"2002",1,-0.39139521844466
"2003",1,0.835129038502014
"2004",1,0.600709724365636
"2005",1,0.693297713733277
"2006",1,0.99100305215313
"2007",1,0.863945256343253
"2008",1,1.17989647668485
"2009",1,0.664969658165831
"2010",1,0.946797065985747
"2011",-1,0.919832661239311
"2012",-1,1.27270490761657
"2013",-1,-0.721175584568101
"2014",-1,-0.632705913240409
"2015",-1,-0.699507318304747
"2016",1,-1.49540406989406
"2017",1,-0.530847061300028
"2018",1,1.30452888082456
"2019",1,0.71233400628718
"2020",1,0.868961527773374
"2021",1,0.660329663590183
"2022",1,0.89577303574148
"2023",1,0.69131492309793
"2024",1,0.749505962777617
"2025",1,1.29611283246494
"2026",1,0.626627506953886
"2027",1,0.611578786946289
"2028",1,0.736416629615382
"2029",1,0.733518870851233
"2030",1,1.23447647445102
"2031",-1,1.52303506693797
"2032",-1,0.659480503465387
"2033",-1,-0.580168877802378
"2034",-1,-0.464682735916069
"2035",-1,-0.802105934735583
"2036",-1,-0.13474147719416
"2037",-1,-0.139121679745884
"2038",-1,-0.447975822926316
"2039",-1,-0.4987832458529
"2040",-1,-0.80987338676352
"2041",-1,-0.531347068763986
"2042",-1,-0.381590910684157
"2043",-1,-0.652985293706134
"2044",-1,-0.130193727076733
"2045",-1,-0.435941397583053
"2046",1,-0.716413227664474
"2047",1,-0.630451978557666
"2048",1,0.79635513098633
"2049",1,0.568235228576152
"2050",1,0.694865051581805
"2051",-1,1.50603959143732
"2052",-1,0.778002997472673
"2053",-1,-0.0667791500948397
"2054",-1,-0.264441944334605
"2055",-1,-0.10736188132858
"2056",1,-0.438084355803434
"2057",1,-1.44850797240315
"2058",1,0.0400221815148677
"2059",1,0.662713939149618
"2060",1,0.764325070023241
"2061",-1,1.37828821535082
"2062",-1,1.34768582294693
"2063",-1,-0.102459213987895
"2064",-1,-0.472170069666136
"2065",-1,-1.13361472790099
"2066",1,-0.230723046642558
"2067",1,-0.64973342667196
"2068",1,-0.0264705352746977
"2069",1,0.670447338617956
"2070",1,0.72667587503699
"2071",-1,0.573211569601495
"2072",-1,0.896633511025579
"2073",-1,-0.622194550717845
"2074",-1,-1.07025962413825
"2075",-1,-1.36200378241905
"2076",-1,-1.02962072798022
"2077",-1,-1.07860095257629
"2078",-1,-0.740621384216125
"2079",-1,-1.28724385876628
"2080",-1,-0.966918704559465
"2081",1,-1.33966686512711
"2082",1,-0.354754396641889
"2083",1,0.413945738666444
"2084",1,1.00583118951896
"2085",1,0.943101961223672
"2086",-1,1.111919472156
"2087",-1,0.504766816162195
"2088",-1,-0.0404438069154119
"2089",-1,-0.0801930138210531
"2090",-1,-1.23464128766551
"2091",-1,-0.876107414170123
"2092",-1,-1.02751707957838
"2093",-1,-0.802396256340426
"2094",-1,-1.08491323222827
"2095",-1,-0.773555047561825
"2096",1,-0.624432527527067
"2097",1,-0.691475330897118
"2098",1,0.393622016393301
"2099",1,0.200291770048579
"2100",1,0.640673079049598
"2101",1,0.550142129789616
"2102",1,0.320027281187932
"2103",1,0.663572173786259
"2104",1,0.670813542909784
"2105",1,0.816046636411429
"2106",1,1.10360198709002
"2107",1,1.03988450075563
"2108",1,1.27820001113504
"2109",1,0.68459572611938
"2110",1,0.538083367238281
"2111",-1,0.721045787160807
"2112",-1,1.20693853594209
"2113",-1,0.0845063223869725
"2114",-1,-0.52121021810615
"2115",-1,-0.83741758122525
"2116",-1,-1.2429549619797
"2117",-1,-0.664761335359772
"2118",-1,-0.788893159417698
"2119",-1,-1.16906323282327
"2120",-1,-0.978599685761549
"2121",-1,-1.43608350490933
"2122",-1,-0.808509742706208
"2123",-1,-0.900068830138492
"2124",-1,-0.317683799818737
"2125",-1,-1.14348403001217
"2126",1,-0.535874189179243
"2127",1,-0.714584546191206
"2128",1,0.455202407086903
"2129",1,0.846393799122688
"2130",1,1.1326209169279
"2131",1,0.514387119995455
"2132",1,1.17587691459254
"2133",1,0.48017981730926
"2134",1,0.415215929885457
"2135",1,0.496825279499385
"2136",1,0.945107081843174
"2137",1,0.464335324180877
"2138",1,0.839519260473267
"2139",1,0.918254478845444
"2140",1,0.868789708137193
"2141",-1,0.995144382110655
"2142",-1,0.474074623265551
"2143",-1,-0.133069890014198
"2144",-1,-0.526224746461283
"2145",-1,-0.443019497713132
"2146",1,-1.00178218852845
"2147",1,-0.791133151359482
"2148",1,0.677018566490669
"2149",1,0.975952452332433
"2150",1,0.765093049915101
"2151",1,0.204410368180974
"2152",1,0.331201466179558
"2153",1,0.73879040817157
"2154",1,0.999816957254662
"2155",1,0.971012430866434
"2156",-1,0.647839772613698
"2157",-1,1.49178061166016
"2158",-1,-0.244153833051907
"2159",-1,-0.255240729298164
"2160",-1,-0.741185034821202
"2161",1,-1.08373047440291
"2162",1,-0.619397076813378
"2163",1,0.753433790983797
"2164",1,1.25450845152078
"2165",1,0.687103212092349
"2166",-1,0.278927577745532
"2167",-1,1.2053422087628
"2168",-1,-0.267232304285541
"2169",-1,-0.915109283953818
"2170",-1,-0.927451098610543
"2171",1,-1.06645676639664
"2172",1,-0.489352802556544
"2173",1,0.632421187759685
"2174",1,0.736802107572888
"2175",1,0.821417646050226
"2176",-1,0.528113889788526
"2177",-1,1.05604094474369
"2178",-1,-0.256654786456762
"2179",-1,-0.643766954187917
"2180",-1,-0.755521524827043
"2181",1,-0.7924087892569
"2182",1,-1.06706063686899
"2183",1,0.585066006342412
"2184",1,1.06245458103608
"2185",1,1.58146681692332
"2186",1,1.11539187627333
"2187",1,0.649798773095823
"2188",1,0.86648279095133
"2189",1,0.495716610050545
"2190",1,0.549493823658134
"2191",1,0.524534952657208
"2192",1,0.461291983802353
"2193",1,0.829283860755262
"2194",1,0.426062394636014
"2195",1,0.92984212861862
"2196",-1,1.05312730743548
"2197",-1,1.17919549035579
"2198",-1,-0.315288284624215
"2199",-1,-0.359975717580312
"2200",-1,-0.0685281582939057
"2201",-1,-0.588559746497175
"2202",-1,-0.755561044937867
"2203",-1,-0.200396186171138
"2204",-1,-1.4617039152864
"2205",-1,-1.03723212713494
"2206",1,-0.106747351062176
"2207",1,-0.833026405619312
"2208",1,0.251021431907902
"2209",1,0.190825106353563
"2210",1,0.862518386529029
"2211",-1,0.0888115674609278
"2212",-1,0.391781373626068
"2213",-1,-0.34897876571377
"2214",-1,-0.628733647645194
"2215",-1,-0.516927635044889
"2216",-1,-0.677670407002798
"2217",-1,-0.535521132452084
"2218",-1,-1.13947001505337
"2219",-1,-0.778635524298267
"2220",-1,-1.30539911389429
"2221",1,-0.656386459988139
"2222",1,-0.900712706966115
"2223",1,0.586338669733049
"2224",1,0.461037700004481
"2225",1,0.785433649965868
"2226",1,1.0948657989608
"2227",1,0.221398958975435
"2228",1,0.107990253513827
"2229",1,0.0517093845297564
"2230",1,0.868035603214136
"2231",-1,0.881644747025777
"2232",-1,0.580246831726138
"2233",-1,0.0308042212802655
"2234",-1,-0.483235319141546
"2235",-1,-1.1564870146975
"2236",-1,-1.14998652084419
"2237",-1,-1.31635799893691
"2238",-1,-0.624802585411901
"2239",-1,-0.993080709204704
"2240",-1,-1.21009748490229
"2241",-1,-1.07637172230647
"2242",-1,-1.14793892638177
"2243",-1,-0.624886047358163
"2244",-1,-0.642417446089972
"2245",-1,-0.67089033280741
"2246",-1,-0.632645791058366
"2247",-1,-0.742177054039832
"2248",-1,-1.07521921451855
"2249",-1,-0.67632188237663
"2250",-1,-1.04920597717138
"2251",-1,-1.18567006097853
"2252",-1,-1.23080278750256
"2253",-1,-0.638527372460157
"2254",-1,-0.491521011574199
"2255",-1,-1.29502063223256
"2256",1,-0.92748554474486
"2257",1,-0.77002218066774
"2258",1,0.198067050341188
"2259",1,0.797582640537005
"2260",1,0.807056109763136
"2261",1,0.731060500719896
"2262",1,0.603760530208072
"2263",1,0.968852685029125
"2264",1,1.0887702404294
"2265",1,1.01222165246023
"2266",-1,0.785762804909945
"2267",-1,1.10687026486999
"2268",-1,-0.620718291678644
"2269",-1,-0.578648693893929
"2270",-1,-0.261443878592674
"2271",-1,-0.723184946490657
"2272",-1,-1.01044040739626
"2273",-1,-0.210597829210572
"2274",-1,-0.767753083631318
"2275",-1,-0.620799268578712
"2276",-1,-1.00641957041675
"2277",-1,-0.736022417498725
"2278",-1,-0.647612146788977
"2279",-1,-0.766668792336454
"2280",-1,-0.680648322827849
"2281",-1,-0.390336042757202
"2282",-1,-1.15346556408613
"2283",-1,-0.778521754285869
"2284",-1,-1.43843374450875
"2285",-1,-0.921331759689158
"2286",1,-0.252878412986115
"2287",1,-0.411970394895507
"2288",1,0.502541023559523
"2289",1,0.544966022418808
"2290",1,0.87162373999333
"2291",1,1.11991717502795
"2292",1,0.864353680485188
"2293",1,1.34141077065142
"2294",1,0.659519688918319
"2295",1,0.175411737115438
"2296",1,0.440631042434808
"2297",1,0.628269725294036
"2298",1,0.615165415491566
"2299",1,0.474983544794831
"2300",1,1.14075225809837
"2301",-1,0.332390193690528
"2302",-1,0.564006036208873
"2303",-1,-0.777859137227049
"2304",-1,-0.846899636433221
"2305",-1,-0.989131489891236
"2306",1,-0.68009253811244
"2307",1,-1.11464036396045
"2308",1,0.0819280734285475
"2309",1,0.550798583371978
"2310",1,1.00859067090363
"2311",-1,0.215006717346636
"2312",-1,1.25257106309417
"2313",-1,-0.622220353682313
"2314",-1,-0.422949200471279
"2315",-1,-0.341022316713835
"2316",-1,-0.251682777196903
"2317",-1,-0.814964317368409
"2318",-1,-0.750712115476522
"2319",-1,-0.829007690105617
"2320",-1,-0.990627223153536
"2321",1,-0.751933384236109
"2322",1,-0.688330338591274
"2323",1,0.310399104984466
"2324",1,0.630478984160245
"2325",1,1.5481435194258
"2326",-1,0.918040918777427
"2327",-1,1.08435575118495
"2328",-1,-0.47147516706139
"2329",-1,-0.758786895947974
"2330",-1,-0.838662024887782
"2331",-1,-0.607997927363016
"2332",-1,-1.01102654963697
"2333",-1,-1.41542581737547
"2334",-1,-0.91509855964565
"2335",-1,-1.00060440366251
"2336",-1,-0.770354081664996
"2337",-1,-0.784986151364219
"2338",-1,-0.56995180352311
"2339",-1,-0.469303070002983
"2340",-1,-1.13930811317832
"2341",1,-1.32600712270969
"2342",1,-0.759485943753467
"2343",1,0.469481493037063
"2344",1,0.308685287821521
"2345",1,1.03474013877997
"2346",1,0.810419080350013
"2347",1,0.841153488199061
"2348",1,0.895481262152441
"2349",1,1.06024062842984
"2350",1,1.34066230412353
"2351",-1,0.842860609852153
"2352",-1,0.298993328595457
"2353",-1,-0.165830730375023
"2354",-1,-0.872436944509466
"2355",-1,-0.354919459543613
"2356",1,-0.881858295267067
"2357",1,-0.31335740240814
"2358",1,0.24695426533199
"2359",1,0.2481042154464
"2360",1,0.932213383433762
"2361",-1,0.344288674231585
"2362",-1,0.916674627143305
"2363",-1,-0.267776659059061
"2364",-1,-0.620729101578351
"2365",-1,-0.804775058873101
"2366",1,-0.119250051455149
"2367",1,-0.773284461184054
"2368",1,0.388741750452522
"2369",1,0.315561881796855
"2370",1,0.389597530599364
"2371",1,0.487414127166557
"2372",1,1.23967338865358
"2373",1,0.734195290883391
"2374",1,0.585918293240858
"2375",1,0.616684663837563
"2376",-1,0.976769918582105
"2377",-1,0.404542514781761
"2378",-1,-0.274594097407321
"2379",-1,-1.01778346865918
"2380",-1,-0.823971834789764
"2381",1,-1.37728786659022
"2382",1,-0.745855780951833
"2383",1,0.595333101468497
"2384",1,0.414513309325315
"2385",1,0.772909623585302
"2386",1,0.807822199623024
"2387",1,1.15500715243778
"2388",1,0.908140055156699
"2389",1,1.17059559024806
"2390",1,0.84975986096545
"2391",1,0.63094833002983
"2392",1,0.764966298522035
"2393",1,0.723054320580674
"2394",1,1.05924526692782
"2395",1,0.828225771148355
"2396",1,0.553416091456667
"2397",1,0.707549051234784
"2398",1,1.14433093925766
"2399",1,0.728200276409819
"2400",1,0.595188791339752
"2401",1,1.0712414386652
"2402",1,0.874282112570058
"2403",1,0.7128401204631
"2404",1,0.557191481247271
"2405",1,0.280719843598384
"2406",-1,0.729250505338138
"2407",-1,0.64982540404244
"2408",-1,-0.344161573404898
"2409",-1,-1.06293650225816
"2410",-1,-0.375287337472307
"2411",1,-0.558976487442266
"2412",1,-1.22111918650201
"2413",1,0.67233522744358
"2414",1,0.450077718245634
"2415",1,0.77635225039558
"2416",1,0.828904965888651
"2417",1,0.515920880255027
"2418",1,-0.163580141694392
"2419",1,0.759023600237044
"2420",1,0.620542869208506
"2421",-1,0.553660372899107
"2422",-1,0.866019887394175
"2423",-1,-0.624827798879061
"2424",-1,-0.434735797803036
"2425",-1,-0.63332470513136
"2426",-1,-1.04446029897866
"2427",-1,-0.563556517668372
"2428",-1,-0.611114006695468
"2429",-1,-0.354603265895013
"2430",-1,-0.978364584524031
"2431",1,-1.08761124129895
"2432",1,-0.759790091695057
"2433",1,0.601314653170656
"2434",1,0.89925045198768
"2435",1,0.773121606305093
"2436",1,0.711347616277535
"2437",1,0.984492663360775
"2438",1,1.45155401213913
"2439",1,1.21913516488213
"2440",1,0.952381492413491
"2441",-1,0.686493568145097
"2442",-1,0.955784999039151
"2443",-1,-0.522605287193155
"2444",-1,-0.539973329202454
"2445",-1,-0.446503916807744
"2446",-1,-0.404802300059628
"2447",-1,-0.504099840615937
"2448",-1,-0.272104503733588
"2449",-1,-0.0813721749885872
"2450",-1,-1.21640109765351
"2451",-1,-1.39064158621814
"2452",-1,-1.2183447728736
"2453",-1,-1.55344297163073
"2454",-1,-1.10010643381747
"2455",-1,-1.02255499164531
"2456",1,-0.800172061540457
"2457",1,-0.733351188857969
"2458",1,0.189191150547995
"2459",1,0.302498617766977
"2460",1,0.879303014679831
"2461",-1,0.64360103732082
"2462",-1,0.324422195496127
"2463",-1,-0.504445549520542
"2464",-1,-0.588648404946834
"2465",-1,-0.843667546354165
"2466",1,-0.573004000525247
"2467",1,-0.678054359510635
"2468",1,0.372246343599059
"2469",1,0.592390288434089
"2470",1,0.845262444694171
"2471",1,0.639575846484035
"2472",1,0.428061007463947
"2473",1,0.664911474496827
"2474",1,0.788055896373713
"2475",1,0.942871288084113
"2476",1,0.813581133010966
"2477",1,0.66501683914472
"2478",1,0.964475751192259
"2479",1,0.789763664016933
"2480",1,1.0608556140523
"2481",-1,0.825468628901342
"2482",-1,0.81926400566737
"2483",-1,-0.418819968671398
"2484",-1,-0.892016439805194
"2485",-1,-1.05173969527937
"2486",-1,-1.14189616986531
"2487",-1,-0.315345932469519
"2488",-1,-0.790302107926626
"2489",-1,-0.478775182624465
"2490",-1,-0.618189945794298
"2491",-1,-0.15426279555874
"2492",-1,-0.360352315535182
"2493",-1,-1.05612596278379
"2494",-1,-0.915145073149671
"2495",-1,-0.544564556496462
"2496",-1,-0.665739001489599
"2497",-1,-0.0438914936658233
"2498",-1,-0.651985306514313
"2499",-1,-1.212191885146
"2500",-1,-0.718441716617754
"2501",-1,-1.08969274684107
"2502",-1,-0.8427110313379
"2503",-1,-0.485137259457653
"2504",-1,-0.647386360523495
"2505",-1,-0.658175557531319
"2506",1,-0.819879938470298
"2507",1,-0.837533022615434
"2508",1,0.362530469459964
"2509",1,-0.294072411854588
"2510",1,0.642863066779024
"2511",-1,0.997265819171938
"2512",-1,0.394342259667937
"2513",-1,-0.961013258305902
"2514",-1,-0.539739014136591
"2515",-1,-1.20550431193003
"2516",-1,-1.39080959262777
"2517",-1,-0.68658653897941
"2518",-1,-1.02504437312503
"2519",-1,-0.456778613937534
"2520",-1,-1.1551410662913
"2521",-1,-1.0492508764369
"2522",-1,-0.789912108390463
"2523",-1,-0.644165821385676
"2524",-1,-0.626319791286981
"2525",-1,-0.696979561960363
"2526",-1,-0.839323694866809
"2527",-1,-0.981025082427124
"2528",-1,-0.683621717746489
"2529",-1,-0.909720527813734
"2530",-1,-0.684835556493678
"2531",1,-0.438452947781333
"2532",1,-1.43371651297455
"2533",1,0.867158827253083
"2534",1,0.46251635484371
"2535",1,1.10752132787082
"2536",1,1.31952696298648
"2537",1,0.448057006309477
"2538",1,0.819334182639604
"2539",1,1.88900887416118
"2540",1,0.947795218733287
"2541",1,1.04803493692943
"2542",1,0.982519716141225
"2543",1,1.26081518196672
"2544",1,1.25497470923819
"2545",1,0.624738131158634
"2546",1,0.663491649640539
"2547",1,0.881881412636886
"2548",1,0.789911163385272
"2549",1,1.60212559540456
"2550",1,1.09928584983516
"2551",1,1.04638461541612
"2552",1,0.616789323937487
"2553",1,0.374394953223245
"2554",1,0.962368042805961
"2555",1,0.74346474091168
